step,revision,exact_match,substring_match,substring_f1,gold_nll,abstention_answerable,echo_answerable,hallucination_rate,entity_hallucination_rate,question_echo_rate,abstention_unanswerable,empty_rate,selectivity,ece,ece_joint,auroc,auroc_joint,mean_confidence_answerable,mean_confidence_unanswerable,mean_confidence_hallucinated,mean_confidence_abstained,entropy_answerable,entropy_unanswerable,adversarial_falsehood_rate,adversarial_substring_match,cal_ece_em,cal_brier_em,cal_accuracy_em,cal_ece_substring,cal_brier_substring,cal_accuracy_substring,cal_ece_f1,cal_brier_f1,cal_accuracy_f1,cal_ece_joint,cal_brier_joint,cal_mean_confidence,auroc_em,auroc_substring,auroc_f1,auroc_pair,auroc_hallucination_detect,auroc_entropy_pair
10000,step10000,0.0,0.016666666666666666,0.046123561623561626,7.49165250023206,0.0,0.13,1.0,0.87,0.13,0.0,0.0,0.0,0.1522768093325048,0.1478335004513965,,,0.15227680933250481,0.1433901915702882,0.1433901915702882,,5.5351969138535715,5.714915777878019,0.016666666666666666,0.0,0.1522768093325048,0.029526453294295117,0.0,0.13561014266583812,0.042224227302284804,0.016666666666666666,0.1322768093325048,0.04406603562691467,0.02,0.1478335004513965,0.028760689981139294,0.15227680933250481,,0.3694915254237288,0.445578231292517,0.5441555555555555,,0.5423111111111111
40000,step40000,0.0,0.0375,0.0706583694083694,7.592719224095345,0.0,0.9625,1.0,0.05,0.95,0.0,0.0,0.0,0.4622773383401218,0.4733916894797014,,,0.4622773383401217,0.48450604061928093,0.48450604061928093,,2.746063318131572,2.572333176252139,0.0,0.0,0.4622773383401218,0.2271007164485689,0.0,0.4247773383401218,0.2312512112464328,0.0375,0.4622773383401218,0.2271007164485689,0.0,0.4733916894797014,0.23639228079734326,0.4622773383401217,,0.5714285714285714,,0.441875,,0.43203125
70000,step70000,0.0,0.013333333333333334,0.004074074074074075,7.085163054466247,0.9,0.03666666666666667,0.056666666666666664,0.05,0.006666666666666667,0.9433333333333334,0.0,0.043333333333333335,0.20220572463202915,0.33034536653937213,,0.48366421063191806,0.20220572463202913,0.20483225456654472,0.49698219824024126,0.18728261130699403,5.642801352171178,5.693995377362568,0.0,0.008333333333333333,0.20220572463202915,0.0521333929974525,0.0,0.1909738652742782,0.05470339349154692,0.013333333333333334,0.19887239129869583,0.05441781857927352,0.0033333333333333335,0.33034536653937213,0.3464639646821189,0.20220572463202913,,0.785472972972973,0.38127090301003347,0.46407777777777776,0.005819995842860112,0.4613111111111111
100000,step100000,0.0,0.0,0.008333333333333333,7.402080789208412,0.975,0.0125,0.0125,0.0,0.0125,0.9875,0.0,0.012500000000000067,0.1508926200868468,0.3474087072144601,,0.5336771370526645,0.15089262008684678,0.15764833868182765,0.3125561072742859,0.1556874808515434,6.411055604240724,6.372366542688438,0.0,0.03125,0.1508926200868468,0.024556094197249557,0.0,0.1508926200868468,0.024556094197249557,0.0,0.1383926200868468,0.03263212579558923,0.0125,0.3474087072144601,0.3655742120959268,0.15089262008684678,,,0.7721518987341772,0.4540625,0.0,0.4525
130000,step130000,0.0,0.043333333333333335,0.057236171236171245,6.831810595989228,0.0033333333333333335,0.95,1.0,0.08666666666666667,0.9133333333333333,0.0,0.0,-0.0033333333333333335,0.2651397296942586,0.2719198376421607,,,0.26513972969425853,0.2786999455900631,0.2786999455900631,,4.129069893497387,4.021717507200359,0.016666666666666666,0.0,0.2651397296942586,0.08496208546311915,0.0,0.22180639636092522,0.09657072640223184,0.043333333333333335,0.2518063963609252,0.0920853225419045,0.013333333333333334,0.2719198376421607,0.08920594684695828,0.26513972969425853,,0.7443044760117931,0.4543918918918919,0.46494444444444444,,0.47907777777777777
160000,step160000,0.0033333333333333335,0.05333333333333334,0.05637662337662338,6.992947771747907,0.21,0.48,0.7033333333333334,0.34,0.36333333333333334,0.2966666666666667,0.0,0.0866666666666667,0.18409258958809457,0.29271598432281376,0.26755852842809363,0.09348583877995642,0.1874259229214279,0.17792435387319774,0.22742216691906314,0.06057560609030333,4.981781448240732,5.111914429784295,0.016666666666666666,0.008333333333333333,0.18409258958809457,0.05305431505184437,0.0033333333333333335,0.13409258958809459,0.07865589169555635,0.05333333333333334,0.17742592292142792,0.05875718275265247,0.01,0.29271598432281376,0.17978734034423743,0.1874259229214279,0.26755852842809363,0.5688820422535211,0.19753086419753085,0.5237333333333334,0.019809361520847755,0.5239555555555555
190000,step190000,0.0,0.01,0.002962962962962963,7.610292720595996,0.9866666666666667,0.0,0.0033333333333333335,0.0033333333333333335,0.0,0.9966666666666667,0.0,0.010000000000000009,0.255206987929576,0.23416483560711288,,0.5741397126634741,0.255206987929576,0.27724429200813594,0.6171426727906545,0.2761075081259201,5.571581249784432,5.472013294943609,0.008333333333333333,0.008333333333333333,0.255206987929576,0.07121553820238002,0.0,0.24520698792957601,0.0751553829601741,0.01,0.25187365459624267,0.07287274290138351,0.0033333333333333335,0.23416483560711288,0.3006412169411934,0.255206987929576,,0.5993265993265994,0.5150501672240803,0.4225333333333333,0.0,0.43148888888888887
200000,step200000,0.0,0.0625,0.08047619047619048,7.0173637971282,0.0,1.0,1.0,0.0,1.0,0.0,0.0,0.0,0.4928169775972936,0.5033140620378986,,,0.4928169775972936,0.5138111464785039,0.5138111464785039,,2.7932688893141675,2.6950383846321144,0.0,0.0,0.4928169775972936,0.2495708961082906,0.0,0.4303169775972936,0.2513440284960723,0.0625,0.48031697759729364,0.2527934933711961,0.0125,0.5033140620378986,0.25992456661694485,0.4928169775972936,,0.45866666666666667,0.05063291139240506,0.4371875,,0.4459375
220000,step220000,0.0,0.05333333333333334,0.06370347245347245,7.14869086543719,0.11333333333333333,0.86,0.8933333333333333,0.006666666666666667,0.8866666666666667,0.10666666666666667,0.0,-0.006666666666666654,0.33630288084543125,0.3541690375370619,,0.026903609154929578,0.3363028808454312,0.3400704147943267,0.3666591899416585,0.11738942293542311,3.6968655482023784,3.6947506887641803,0.025,0.0,0.33630288084543125,0.12887295655304945,0.0,0.28296954751209796,0.14474469058679618,0.05333333333333334,0.3196362141787646,0.13138161059864537,0.016666666666666666,0.3541690375370619,0.17132877315849798,0.3363028808454312,,0.5250880281690141,0.6983050847457627,0.4918888888888889,0.002798507462686567,0.49875555555555556
250000,step250000,0.0,0.06,0.07013192363192362,7.128926009734472,0.01,0.99,0.9966666666666667,0.0,0.9966666666666667,0.0033333333333333335,0.0,-0.006666666666666666,0.2892112783407438,0.2883682724199725,,0.06176961602671119,0.2892112783407438,0.29085859983253454,0.2912556823614481,0.17213092368736757,4.11498230031874,4.079602795085986,0.03333333333333333,0.0,0.2892112783407438,0.09378370218800593,0.0,0.22921127834074378,0.11422183688801371,0.06,0.27254461167407706,0.09792831909530013,0.016666666666666666,0.2883682724199725,0.09480109491538641,0.2892112783407438,,0.6471631205673759,0.7254237288135593,0.48375555555555555,0.06688963210702341,0.48365555555555556
280000,step280000,0.0,0.006666666666666667,0.0022222222222222222,7.467152854998907,0.9833333333333333,0.0,0.0033333333333333335,0.0033333333333333335,0.0,0.9966666666666667,0.0,0.01333333333333342,0.22037291751164698,0.2752190894924856,,0.5782842031578128,0.22037291751164692,0.24603515960998762,0.5390984853366856,0.24505501470789168,5.878700579785315,5.55519841149223,0.0,0.008333333333333333,0.22037291751164698,0.0595952598203102,0.0,0.2137062508449803,0.06451258996487581,0.006666666666666667,0.21703958417831362,0.06133991371734846,0.0033333333333333335,0.2752190894924856,0.3192610141765719,0.22037291751164692,,0.21308724832214765,0.6521739130434783,0.41846666666666665,0.020066889632107024,0.3904222222222222
310000,step310000,0.0033333333333333335,0.03666666666666667,0.05393934768934769,6.510302636424701,0.20666666666666667,0.6166666666666667,0.59,0.14,0.45,0.41,0.0,0.2033333333333333,0.21438726995795668,0.21687669681766775,0.12374581939799331,0.19412442396313365,0.21772060329129,0.20525892063016107,0.2533921109575629,0.13599408576877783,4.766495139736888,5.153109654830718,0.041666666666666664,0.008333333333333333,0.21438726995795668,0.05839757210706192,0.0033333333333333335,0.18105393662462332,0.07499755987436607,0.03666666666666667,0.21105393662462332,0.05976219088408136,0.006666666666666667,0.21687669681766775,0.2049085193480888,0.21772060329129,0.12374581939799331,0.5759672853098459,0.4597315436241611,0.5436666666666666,0.14105920720224152,0.5779888888888889
340000,step340000,0.0,0.006666666666666667,0.0022222222222222222,7.797529809077581,0.9966666666666667,0.0,0.0,0.0,0.0,1.0,0.0,0.0033333333333332993,0.25441171248256944,0.22657971777259878,,0.6091555555555556,0.25441171248256944,0.29242885197223295,,0.29242885197223295,5.6216213080411155,5.404851967493693,0.0,0.008333333333333333,0.25441171248256944,0.07148874106089385,0.0,0.24774504581590281,0.0756952059605512,0.006666666666666667,0.2510783791492361,0.07271807232903976,0.0033333333333333335,0.22657971777259878,0.29074379330808153,0.25441171248256944,,0.2214765100671141,0.8093645484949833,0.39084444444444444,,0.40128888888888886
370000,step370000,0.0,0.01,0.0030555555555555553,6.917842735846837,0.9866666666666667,0.07333333333333333,0.006666666666666667,0.006666666666666667,0.09333333333333334,0.9933333333333333,0.0,0.006666666666666599,0.2639049569342579,0.2237915272297336,,0.5544579759100404,0.263904956934258,0.2859313521209898,0.34010255718065685,0.28556778698636115,5.637226800761826,5.48932083717154,0.0,0.008333333333333333,0.2639049569342579,0.07702773094009328,0.0,0.25390495693425796,0.08289117796266578,0.01,0.2605716236009246,0.07825726987412786,0.0033333333333333335,0.2237915272297336,0.29872707879639665,0.263904956934258,,0.250280583613917,0.7625418060200669,0.4444666666666667,0.4077181208053691,0.4527111111111111
400000,step400000,0.0,0.0,0.008333333333333333,9.358479434251786,1.0,0.0,0.0,0.0,0.0,1.0,0.0,0.0,0.9402221168927053,0.43951453122444556,,0.46640625,0.9402221168927054,0.9388069455561858,,0.9388069455561858,0.6111800219863653,0.6250456355512142,0.0,0.03125,0.9402221168927053,0.8842638294224443,0.0,0.9402221168927053,0.8842638294224443,0.0,0.9277221168927053,0.873366377311303,0.0125,0.43951453122444556,0.4440907850371956,0.9402221168927054,,,0.35443037974683544,0.53359375,,0.53484375
430000,step430000,0.0,0.03666666666666667,0.04454124579124579,6.742649622559547,0.4666666666666667,0.03,0.44666666666666666,0.42,0.02666666666666667,0.5533333333333333,0.0,0.08666666666666667,0.19240158820159994,0.27792205678469933,,0.2302343012603409,0.19240158820159994,0.1855034025133215,0.2647697069268227,0.12151734955302532,5.024437997245542,5.146050948387166,0.03333333333333333,0.0,0.19240158820159994,0.047715480654013105,0.0,0.1557349215349333,0.06444077996316622,0.03666666666666667,0.18573492153493326,0.05175466635899331,0.006666666666666667,0.27792205678469933,0.2557532935792272,0.19240158820159994,,0.7511796162315193,0.5201342281879194,0.5226333333333333,0.08047113828448121,0.5164777777777778
460000,step460000,0.0,0.006666666666666667,0.0022222222222222222,7.0362112830082575,1.0,0.0,0.0,0.0,0.0,1.0,0.0,0.0,0.4071679805407849,0.11182385190541796,,0.5805888888888889,0.4071679805407849,0.4482406859255381,,0.4482406859255381,4.806585227648418,4.506501971085866,0.0,0.008333333333333333,0.4071679805407849,0.18058750872269286,0.0,0.4005013138741182,0.18372166086354222,0.006666666666666667,0.40383464720745155,0.18031420703967213,0.0033333333333333335,0.11182385190541796,0.2502623029318935,0.4071679805407849,,0.1476510067114094,0.822742474916388,0.4194111111111111,,0.4199333333333333
490000,step490000,0.0,0.006666666666666667,0.0022222222222222222,6.705666487216949,0.9866666666666667,0.0033333333333333335,0.013333333333333334,0.006666666666666667,0.006666666666666667,0.9866666666666667,0.0,0.0,0.27671576005264226,0.19040577235731057,,0.6602840504978663,0.27671576005264226,0.34579731532527,0.29045753237925154,0.3465451502299459,5.6173493032256765,5.149955255035449,0.008333333333333333,0.008333333333333333,0.27671576005264226,0.08924773004320322,0.0,0.27004909338597555,0.09314566527302144,0.006666666666666667,0.27338242671930885,0.0902432362238338,0.0033333333333333335,0.19040577235731057,0.2638011032040639,0.27671576005264226,,0.2751677852348993,0.7625418060200669,0.3426444444444444,0.6503378378378378,0.3446777777777778
520000,step520000,0.0,0.006666666666666667,0.0022222222222222222,7.6493840610980985,1.0,0.0,0.0,0.0,0.0,1.0,0.0,0.0,0.8124511467375555,0.33650837912898646,,0.6160777777777777,0.8124511467375555,0.8455987362970374,,0.8455987362970374,1.656185382803281,1.3990694774190584,0.0,0.008333333333333333,0.8124511467375555,0.6755438511778876,0.0,0.8057844800708889,0.671477102875359,0.006666666666666667,0.8091178134042223,0.6730483645762477,0.0033333333333333335,0.33650837912898646,0.35494916634400825,0.8124511467375555,,0.31208053691275167,0.7023411371237458,0.3839222222222222,,0.38397777777777775
550000,step550000,0.0,0.006666666666666667,0.0022222222222222222,7.505866553187371,1.0,0.4666666666666667,0.0,0.0,0.63,1.0,0.0,0.0,0.7207487917599397,0.23808332960592685,,0.5948,0.7207487917599397,0.7512364964063717,,0.7512364964063717,2.431674002408981,2.195503310362498,0.0,0.008333333333333333,0.7207487917599397,0.5279338551918662,0.0,0.714082125093273,0.524979799369549,0.006666666666666667,0.7174154584266063,0.5266124341724233,0.0033333333333333335,0.23808332960592685,0.29809818112757186,0.7207487917599397,,0.43288590604026844,0.3377926421404682,0.4052,,0.4051444444444444
580000,step580000,0.0,0.006666666666666667,0.0022222222222222222,6.755876308282216,1.0,0.0,0.0,0.0,0.0,1.0,0.0,0.0,0.5880708605599055,0.1415450649562321,,0.6572,0.5880708605599055,0.6631613857908506,,0.6631613857908506,3.507900559902191,2.9336472876866657,0.0,0.008333333333333333,0.5880708605599055,0.3628654004024786,0.0,0.5814041938932388,0.36188897946632426,0.006666666666666667,0.5847375272265722,0.3620234093514129,0.0033333333333333335,0.1415450649562321,0.24702652709672748,0.5880708605599055,,0.4261744966442953,0.568561872909699,0.3428,,0.34147777777777777
610000,step610000,0.0,0.006666666666666667,0.0022222222222222222,7.407137353420257,1.0,0.0,0.0,0.0,0.0,1.0,0.0,0.0,0.770996595602748,0.2875907405869233,,0.5405222222222222,0.770996595602748,0.7875155693255039,,0.7875155693255039,2.11090647260348,1.9780427151918412,0.0,0.008333333333333333,0.770996595602748,0.6057835771198163,0.0,0.7643299289360814,0.601799557690747,0.006666666666666667,0.7676632622694148,0.6039383152211646,0.0033333333333333335,0.2875907405869233,0.32927101402802034,0.770996595602748,,0.5486577181208053,0.41471571906354515,0.45947777777777776,,0.45995555555555556
640000,step640000,0.0,0.006666666666666667,0.0022222222222222222,6.70485532283783,1.0,0.0,0.0,0.0,0.0,1.0,0.0,0.0,0.57524014312528,0.11415100783600009,,0.5127222222222222,0.57524014312528,0.5845043973319691,,0.5845043973319691,3.5509434350331626,3.497915157477061,0.0,0.008333333333333333,0.57524014312528,0.34360834198173945,0.0,0.5685734764586133,0.34286186158302023,0.006666666666666667,0.5719068097919467,0.34292257213359306,0.0033333333333333335,0.11415100783600009,0.263534722778848,0.57524014312528,,0.4949664429530201,0.5618729096989966,0.48727777777777775,,0.4911
658032,step658032,0.0,0.0,0.008333333333333333,6.630432373285293,0.9875,0.0,0.0125,0.0,0.0125,0.9875,0.0,0.0,0.15575359394854765,0.3353797309768586,,0.616502578527895,0.15575359394854765,0.18139196853154502,0.49771807803885526,0.17738784056309806,6.308089652657509,6.133084284840152,0.03125,0.03125,0.15575359394854765,0.0271975622312829,0.0,0.15575359394854765,0.0271975622312829,0.0,0.14325359394854767,0.03779110996735867,0.0125,0.3353797309768586,0.35062112565882475,0.15575359394854765,,,0.02531645569620253,0.37109375,0.0,0.37765625
